--
-- PostgreSQL database dump
--

-- Dumped from database version 17.4
-- Dumped by pg_dump version 17.4

-- Started on 2025-05-17 20:07:15

SET statement_timeout = 0;
SET lock_timeout = 0;
SET idle_in_transaction_session_timeout = 0;
SET transaction_timeout = 0;
SET client_encoding = 'UTF8';
SET standard_conforming_strings = on;
SELECT pg_catalog.set_config('search_path', '', false);
SET check_function_bodies = false;
SET xmloption = content;
SET client_min_messages = warning;
SET row_security = off;

SET default_tablespace = '';

SET default_table_access_method = heap;

--
-- TOC entry 243 (class 1259 OID 16862)
-- Name: accounts_profile; Type: TABLE; Schema: public; Owner: postgres
--

CREATE TABLE public.accounts_profile (
    id bigint NOT NULL,
    bio text NOT NULL,
    profile_picture character varying(100),
    website character varying(200) NOT NULL,
    user_id integer NOT NULL
);


ALTER TABLE public.accounts_profile OWNER TO postgres;

--
-- TOC entry 242 (class 1259 OID 16861)
-- Name: accounts_profile_id_seq; Type: SEQUENCE; Schema: public; Owner: postgres
--

ALTER TABLE public.accounts_profile ALTER COLUMN id ADD GENERATED BY DEFAULT AS IDENTITY (
    SEQUENCE NAME public.accounts_profile_id_seq
    START WITH 1
    INCREMENT BY 1
    NO MINVALUE
    NO MAXVALUE
    CACHE 1
);


--
-- TOC entry 224 (class 1259 OID 16713)
-- Name: auth_group; Type: TABLE; Schema: public; Owner: postgres
--

CREATE TABLE public.auth_group (
    id integer NOT NULL,
    name character varying(150) NOT NULL
);


ALTER TABLE public.auth_group OWNER TO postgres;

--
-- TOC entry 223 (class 1259 OID 16712)
-- Name: auth_group_id_seq; Type: SEQUENCE; Schema: public; Owner: postgres
--

ALTER TABLE public.auth_group ALTER COLUMN id ADD GENERATED BY DEFAULT AS IDENTITY (
    SEQUENCE NAME public.auth_group_id_seq
    START WITH 1
    INCREMENT BY 1
    NO MINVALUE
    NO MAXVALUE
    CACHE 1
);


--
-- TOC entry 226 (class 1259 OID 16721)
-- Name: auth_group_permissions; Type: TABLE; Schema: public; Owner: postgres
--

CREATE TABLE public.auth_group_permissions (
    id bigint NOT NULL,
    group_id integer NOT NULL,
    permission_id integer NOT NULL
);


ALTER TABLE public.auth_group_permissions OWNER TO postgres;

--
-- TOC entry 225 (class 1259 OID 16720)
-- Name: auth_group_permissions_id_seq; Type: SEQUENCE; Schema: public; Owner: postgres
--

ALTER TABLE public.auth_group_permissions ALTER COLUMN id ADD GENERATED BY DEFAULT AS IDENTITY (
    SEQUENCE NAME public.auth_group_permissions_id_seq
    START WITH 1
    INCREMENT BY 1
    NO MINVALUE
    NO MAXVALUE
    CACHE 1
);


--
-- TOC entry 222 (class 1259 OID 16707)
-- Name: auth_permission; Type: TABLE; Schema: public; Owner: postgres
--

CREATE TABLE public.auth_permission (
    id integer NOT NULL,
    name character varying(255) NOT NULL,
    content_type_id integer NOT NULL,
    codename character varying(100) NOT NULL
);


ALTER TABLE public.auth_permission OWNER TO postgres;

--
-- TOC entry 221 (class 1259 OID 16706)
-- Name: auth_permission_id_seq; Type: SEQUENCE; Schema: public; Owner: postgres
--

ALTER TABLE public.auth_permission ALTER COLUMN id ADD GENERATED BY DEFAULT AS IDENTITY (
    SEQUENCE NAME public.auth_permission_id_seq
    START WITH 1
    INCREMENT BY 1
    NO MINVALUE
    NO MAXVALUE
    CACHE 1
);


--
-- TOC entry 228 (class 1259 OID 16727)
-- Name: auth_user; Type: TABLE; Schema: public; Owner: postgres
--

CREATE TABLE public.auth_user (
    id integer NOT NULL,
    password character varying(128) NOT NULL,
    last_login timestamp with time zone,
    is_superuser boolean NOT NULL,
    username character varying(150) NOT NULL,
    first_name character varying(150) NOT NULL,
    last_name character varying(150) NOT NULL,
    email character varying(254) NOT NULL,
    is_staff boolean NOT NULL,
    is_active boolean NOT NULL,
    date_joined timestamp with time zone NOT NULL
);


ALTER TABLE public.auth_user OWNER TO postgres;

--
-- TOC entry 230 (class 1259 OID 16735)
-- Name: auth_user_groups; Type: TABLE; Schema: public; Owner: postgres
--

CREATE TABLE public.auth_user_groups (
    id bigint NOT NULL,
    user_id integer NOT NULL,
    group_id integer NOT NULL
);


ALTER TABLE public.auth_user_groups OWNER TO postgres;

--
-- TOC entry 229 (class 1259 OID 16734)
-- Name: auth_user_groups_id_seq; Type: SEQUENCE; Schema: public; Owner: postgres
--

ALTER TABLE public.auth_user_groups ALTER COLUMN id ADD GENERATED BY DEFAULT AS IDENTITY (
    SEQUENCE NAME public.auth_user_groups_id_seq
    START WITH 1
    INCREMENT BY 1
    NO MINVALUE
    NO MAXVALUE
    CACHE 1
);


--
-- TOC entry 227 (class 1259 OID 16726)
-- Name: auth_user_id_seq; Type: SEQUENCE; Schema: public; Owner: postgres
--

ALTER TABLE public.auth_user ALTER COLUMN id ADD GENERATED BY DEFAULT AS IDENTITY (
    SEQUENCE NAME public.auth_user_id_seq
    START WITH 1
    INCREMENT BY 1
    NO MINVALUE
    NO MAXVALUE
    CACHE 1
);


--
-- TOC entry 232 (class 1259 OID 16741)
-- Name: auth_user_user_permissions; Type: TABLE; Schema: public; Owner: postgres
--

CREATE TABLE public.auth_user_user_permissions (
    id bigint NOT NULL,
    user_id integer NOT NULL,
    permission_id integer NOT NULL
);


ALTER TABLE public.auth_user_user_permissions OWNER TO postgres;

--
-- TOC entry 231 (class 1259 OID 16740)
-- Name: auth_user_user_permissions_id_seq; Type: SEQUENCE; Schema: public; Owner: postgres
--

ALTER TABLE public.auth_user_user_permissions ALTER COLUMN id ADD GENERATED BY DEFAULT AS IDENTITY (
    SEQUENCE NAME public.auth_user_user_permissions_id_seq
    START WITH 1
    INCREMENT BY 1
    NO MINVALUE
    NO MAXVALUE
    CACHE 1
);


--
-- TOC entry 245 (class 1259 OID 16877)
-- Name: blogs_category; Type: TABLE; Schema: public; Owner: postgres
--

CREATE TABLE public.blogs_category (
    id bigint NOT NULL,
    name character varying(100) NOT NULL,
    description text NOT NULL,
    slug character varying(50) NOT NULL,
    created_at timestamp with time zone NOT NULL
);


ALTER TABLE public.blogs_category OWNER TO postgres;

--
-- TOC entry 244 (class 1259 OID 16876)
-- Name: blogs_category_id_seq; Type: SEQUENCE; Schema: public; Owner: postgres
--

ALTER TABLE public.blogs_category ALTER COLUMN id ADD GENERATED BY DEFAULT AS IDENTITY (
    SEQUENCE NAME public.blogs_category_id_seq
    START WITH 1
    INCREMENT BY 1
    NO MINVALUE
    NO MAXVALUE
    CACHE 1
);


--
-- TOC entry 253 (class 1259 OID 16911)
-- Name: blogs_comment; Type: TABLE; Schema: public; Owner: postgres
--

CREATE TABLE public.blogs_comment (
    id bigint NOT NULL,
    content text NOT NULL,
    created_at timestamp with time zone NOT NULL,
    updated_at timestamp with time zone NOT NULL,
    is_approved boolean NOT NULL,
    user_id integer NOT NULL,
    post_id bigint NOT NULL
);


ALTER TABLE public.blogs_comment OWNER TO postgres;

--
-- TOC entry 252 (class 1259 OID 16910)
-- Name: blogs_comment_id_seq; Type: SEQUENCE; Schema: public; Owner: postgres
--

ALTER TABLE public.blogs_comment ALTER COLUMN id ADD GENERATED BY DEFAULT AS IDENTITY (
    SEQUENCE NAME public.blogs_comment_id_seq
    START WITH 1
    INCREMENT BY 1
    NO MINVALUE
    NO MAXVALUE
    CACHE 1
);


--
-- TOC entry 249 (class 1259 OID 16895)
-- Name: blogs_post; Type: TABLE; Schema: public; Owner: postgres
--

CREATE TABLE public.blogs_post (
    id bigint NOT NULL,
    title character varying(200) NOT NULL,
    slug character varying(50) NOT NULL,
    content text NOT NULL,
    excerpt text NOT NULL,
    created_at timestamp with time zone NOT NULL,
    updated_at timestamp with time zone NOT NULL,
    published_at timestamp with time zone NOT NULL,
    is_published boolean NOT NULL,
    author_id integer NOT NULL,
    category_id bigint
);


ALTER TABLE public.blogs_post OWNER TO postgres;

--
-- TOC entry 248 (class 1259 OID 16894)
-- Name: blogs_post_id_seq; Type: SEQUENCE; Schema: public; Owner: postgres
--

ALTER TABLE public.blogs_post ALTER COLUMN id ADD GENERATED BY DEFAULT AS IDENTITY (
    SEQUENCE NAME public.blogs_post_id_seq
    START WITH 1
    INCREMENT BY 1
    NO MINVALUE
    NO MAXVALUE
    CACHE 1
);


--
-- TOC entry 251 (class 1259 OID 16905)
-- Name: blogs_post_tags; Type: TABLE; Schema: public; Owner: postgres
--

CREATE TABLE public.blogs_post_tags (
    id bigint NOT NULL,
    post_id bigint NOT NULL,
    tag_id bigint NOT NULL
);


ALTER TABLE public.blogs_post_tags OWNER TO postgres;

--
-- TOC entry 250 (class 1259 OID 16904)
-- Name: blogs_post_tags_id_seq; Type: SEQUENCE; Schema: public; Owner: postgres
--

ALTER TABLE public.blogs_post_tags ALTER COLUMN id ADD GENERATED BY DEFAULT AS IDENTITY (
    SEQUENCE NAME public.blogs_post_tags_id_seq
    START WITH 1
    INCREMENT BY 1
    NO MINVALUE
    NO MAXVALUE
    CACHE 1
);


--
-- TOC entry 247 (class 1259 OID 16887)
-- Name: blogs_tag; Type: TABLE; Schema: public; Owner: postgres
--

CREATE TABLE public.blogs_tag (
    id bigint NOT NULL,
    name character varying(50) NOT NULL,
    slug character varying(50) NOT NULL
);


ALTER TABLE public.blogs_tag OWNER TO postgres;

--
-- TOC entry 246 (class 1259 OID 16886)
-- Name: blogs_tag_id_seq; Type: SEQUENCE; Schema: public; Owner: postgres
--

ALTER TABLE public.blogs_tag ALTER COLUMN id ADD GENERATED BY DEFAULT AS IDENTITY (
    SEQUENCE NAME public.blogs_tag_id_seq
    START WITH 1
    INCREMENT BY 1
    NO MINVALUE
    NO MAXVALUE
    CACHE 1
);


--
-- TOC entry 255 (class 1259 OID 16960)
-- Name: contact_contact; Type: TABLE; Schema: public; Owner: postgres
--

CREATE TABLE public.contact_contact (
    id bigint NOT NULL,
    full_name character varying(100) NOT NULL,
    email character varying(254) NOT NULL,
    message text NOT NULL,
    is_read boolean NOT NULL
);


ALTER TABLE public.contact_contact OWNER TO postgres;

--
-- TOC entry 254 (class 1259 OID 16959)
-- Name: contact_contact_id_seq; Type: SEQUENCE; Schema: public; Owner: postgres
--

ALTER TABLE public.contact_contact ALTER COLUMN id ADD GENERATED BY DEFAULT AS IDENTITY (
    SEQUENCE NAME public.contact_contact_id_seq
    START WITH 1
    INCREMENT BY 1
    NO MINVALUE
    NO MAXVALUE
    CACHE 1
);


--
-- TOC entry 236 (class 1259 OID 16828)
-- Name: core_project; Type: TABLE; Schema: public; Owner: postgres
--

CREATE TABLE public.core_project (
    id bigint NOT NULL,
    title character varying(255) NOT NULL,
    description text NOT NULL,
    image character varying(100) NOT NULL,
    category character varying(100) NOT NULL,
    client character varying(255) NOT NULL,
    completion_date date NOT NULL,
    link character varying(200)
);


ALTER TABLE public.core_project OWNER TO postgres;

--
-- TOC entry 235 (class 1259 OID 16827)
-- Name: core_project_id_seq; Type: SEQUENCE; Schema: public; Owner: postgres
--

ALTER TABLE public.core_project ALTER COLUMN id ADD GENERATED BY DEFAULT AS IDENTITY (
    SEQUENCE NAME public.core_project_id_seq
    START WITH 1
    INCREMENT BY 1
    NO MINVALUE
    NO MAXVALUE
    CACHE 1
);


--
-- TOC entry 238 (class 1259 OID 16836)
-- Name: core_service; Type: TABLE; Schema: public; Owner: postgres
--

CREATE TABLE public.core_service (
    id bigint NOT NULL,
    title character varying(255) NOT NULL,
    description text NOT NULL
);


ALTER TABLE public.core_service OWNER TO postgres;

--
-- TOC entry 237 (class 1259 OID 16835)
-- Name: core_service_id_seq; Type: SEQUENCE; Schema: public; Owner: postgres
--

ALTER TABLE public.core_service ALTER COLUMN id ADD GENERATED BY DEFAULT AS IDENTITY (
    SEQUENCE NAME public.core_service_id_seq
    START WITH 1
    INCREMENT BY 1
    NO MINVALUE
    NO MAXVALUE
    CACHE 1
);


--
-- TOC entry 240 (class 1259 OID 16844)
-- Name: core_testimonial; Type: TABLE; Schema: public; Owner: postgres
--

CREATE TABLE public.core_testimonial (
    id bigint NOT NULL,
    name character varying(255) NOT NULL,
    "position" character varying(255) NOT NULL,
    content text NOT NULL,
    image character varying(100) NOT NULL,
    rating integer NOT NULL
);


ALTER TABLE public.core_testimonial OWNER TO postgres;

--
-- TOC entry 239 (class 1259 OID 16843)
-- Name: core_testimonial_id_seq; Type: SEQUENCE; Schema: public; Owner: postgres
--

ALTER TABLE public.core_testimonial ALTER COLUMN id ADD GENERATED BY DEFAULT AS IDENTITY (
    SEQUENCE NAME public.core_testimonial_id_seq
    START WITH 1
    INCREMENT BY 1
    NO MINVALUE
    NO MAXVALUE
    CACHE 1
);


--
-- TOC entry 234 (class 1259 OID 16799)
-- Name: django_admin_log; Type: TABLE; Schema: public; Owner: postgres
--

CREATE TABLE public.django_admin_log (
    id integer NOT NULL,
    action_time timestamp with time zone NOT NULL,
    object_id text,
    object_repr character varying(200) NOT NULL,
    action_flag smallint NOT NULL,
    change_message text NOT NULL,
    content_type_id integer,
    user_id integer NOT NULL,
    CONSTRAINT django_admin_log_action_flag_check CHECK ((action_flag >= 0))
);


ALTER TABLE public.django_admin_log OWNER TO postgres;

--
-- TOC entry 233 (class 1259 OID 16798)
-- Name: django_admin_log_id_seq; Type: SEQUENCE; Schema: public; Owner: postgres
--

ALTER TABLE public.django_admin_log ALTER COLUMN id ADD GENERATED BY DEFAULT AS IDENTITY (
    SEQUENCE NAME public.django_admin_log_id_seq
    START WITH 1
    INCREMENT BY 1
    NO MINVALUE
    NO MAXVALUE
    CACHE 1
);


--
-- TOC entry 220 (class 1259 OID 16699)
-- Name: django_content_type; Type: TABLE; Schema: public; Owner: postgres
--

CREATE TABLE public.django_content_type (
    id integer NOT NULL,
    app_label character varying(100) NOT NULL,
    model character varying(100) NOT NULL
);


ALTER TABLE public.django_content_type OWNER TO postgres;

--
-- TOC entry 219 (class 1259 OID 16698)
-- Name: django_content_type_id_seq; Type: SEQUENCE; Schema: public; Owner: postgres
--

ALTER TABLE public.django_content_type ALTER COLUMN id ADD GENERATED BY DEFAULT AS IDENTITY (
    SEQUENCE NAME public.django_content_type_id_seq
    START WITH 1
    INCREMENT BY 1
    NO MINVALUE
    NO MAXVALUE
    CACHE 1
);


--
-- TOC entry 218 (class 1259 OID 16691)
-- Name: django_migrations; Type: TABLE; Schema: public; Owner: postgres
--

CREATE TABLE public.django_migrations (
    id bigint NOT NULL,
    app character varying(255) NOT NULL,
    name character varying(255) NOT NULL,
    applied timestamp with time zone NOT NULL
);


ALTER TABLE public.django_migrations OWNER TO postgres;

--
-- TOC entry 217 (class 1259 OID 16690)
-- Name: django_migrations_id_seq; Type: SEQUENCE; Schema: public; Owner: postgres
--

ALTER TABLE public.django_migrations ALTER COLUMN id ADD GENERATED BY DEFAULT AS IDENTITY (
    SEQUENCE NAME public.django_migrations_id_seq
    START WITH 1
    INCREMENT BY 1
    NO MINVALUE
    NO MAXVALUE
    CACHE 1
);


--
-- TOC entry 241 (class 1259 OID 16851)
-- Name: django_session; Type: TABLE; Schema: public; Owner: postgres
--

CREATE TABLE public.django_session (
    session_key character varying(40) NOT NULL,
    session_data text NOT NULL,
    expire_date timestamp with time zone NOT NULL
);


ALTER TABLE public.django_session OWNER TO postgres;

--
-- TOC entry 257 (class 1259 OID 21281)
-- Name: token_blacklist_blacklistedtoken; Type: TABLE; Schema: public; Owner: postgres
--

CREATE TABLE public.token_blacklist_blacklistedtoken (
    id bigint NOT NULL,
    blacklisted_at timestamp with time zone NOT NULL,
    token_id bigint NOT NULL
);


ALTER TABLE public.token_blacklist_blacklistedtoken OWNER TO postgres;

--
-- TOC entry 256 (class 1259 OID 21280)
-- Name: token_blacklist_blacklistedtoken_id_seq; Type: SEQUENCE; Schema: public; Owner: postgres
--

ALTER TABLE public.token_blacklist_blacklistedtoken ALTER COLUMN id ADD GENERATED BY DEFAULT AS IDENTITY (
    SEQUENCE NAME public.token_blacklist_blacklistedtoken_id_seq
    START WITH 1
    INCREMENT BY 1
    NO MINVALUE
    NO MAXVALUE
    CACHE 1
);


--
-- TOC entry 259 (class 1259 OID 21287)
-- Name: token_blacklist_outstandingtoken; Type: TABLE; Schema: public; Owner: postgres
--

CREATE TABLE public.token_blacklist_outstandingtoken (
    id bigint NOT NULL,
    token text NOT NULL,
    created_at timestamp with time zone,
    expires_at timestamp with time zone NOT NULL,
    user_id integer,
    jti character varying(255) NOT NULL
);


ALTER TABLE public.token_blacklist_outstandingtoken OWNER TO postgres;

--
-- TOC entry 258 (class 1259 OID 21286)
-- Name: token_blacklist_outstandingtoken_id_seq; Type: SEQUENCE; Schema: public; Owner: postgres
--

ALTER TABLE public.token_blacklist_outstandingtoken ALTER COLUMN id ADD GENERATED BY DEFAULT AS IDENTITY (
    SEQUENCE NAME public.token_blacklist_outstandingtoken_id_seq
    START WITH 1
    INCREMENT BY 1
    NO MINVALUE
    NO MAXVALUE
    CACHE 1
);


--
-- TOC entry 5132 (class 0 OID 16862)
-- Dependencies: 243
-- Data for Name: accounts_profile; Type: TABLE DATA; Schema: public; Owner: postgres
--

COPY public.accounts_profile (id, bio, profile_picture, website, user_id) FROM stdin;
2				2
1				1
\.


--
-- TOC entry 5113 (class 0 OID 16713)
-- Dependencies: 224
-- Data for Name: auth_group; Type: TABLE DATA; Schema: public; Owner: postgres
--

COPY public.auth_group (id, name) FROM stdin;
\.


--
-- TOC entry 5115 (class 0 OID 16721)
-- Dependencies: 226
-- Data for Name: auth_group_permissions; Type: TABLE DATA; Schema: public; Owner: postgres
--

COPY public.auth_group_permissions (id, group_id, permission_id) FROM stdin;
\.


--
-- TOC entry 5111 (class 0 OID 16707)
-- Dependencies: 222
-- Data for Name: auth_permission; Type: TABLE DATA; Schema: public; Owner: postgres
--

COPY public.auth_permission (id, name, content_type_id, codename) FROM stdin;
1	Can add log entry	1	add_logentry
2	Can change log entry	1	change_logentry
3	Can delete log entry	1	delete_logentry
4	Can view log entry	1	view_logentry
5	Can add permission	2	add_permission
6	Can change permission	2	change_permission
7	Can delete permission	2	delete_permission
8	Can view permission	2	view_permission
9	Can add group	3	add_group
10	Can change group	3	change_group
11	Can delete group	3	delete_group
12	Can view group	3	view_group
13	Can add user	4	add_user
14	Can change user	4	change_user
15	Can delete user	4	delete_user
16	Can view user	4	view_user
17	Can add content type	5	add_contenttype
18	Can change content type	5	change_contenttype
19	Can delete content type	5	delete_contenttype
20	Can view content type	5	view_contenttype
21	Can add session	6	add_session
22	Can change session	6	change_session
23	Can delete session	6	delete_session
24	Can view session	6	view_session
25	Can add project	7	add_project
26	Can change project	7	change_project
27	Can delete project	7	delete_project
28	Can view project	7	view_project
29	Can add service	8	add_service
30	Can change service	8	change_service
31	Can delete service	8	delete_service
32	Can view service	8	view_service
33	Can add testimonial	9	add_testimonial
34	Can change testimonial	9	change_testimonial
35	Can delete testimonial	9	delete_testimonial
36	Can view testimonial	9	view_testimonial
37	Can add tag	10	add_tag
38	Can change tag	10	change_tag
39	Can delete tag	10	delete_tag
40	Can view tag	10	view_tag
41	Can add comment	11	add_comment
42	Can change comment	11	change_comment
43	Can delete comment	11	delete_comment
44	Can view comment	11	view_comment
45	Can add category	12	add_category
46	Can change category	12	change_category
47	Can delete category	12	delete_category
48	Can view category	12	view_category
49	Can add post	13	add_post
50	Can change post	13	change_post
51	Can delete post	13	delete_post
52	Can view post	13	view_post
53	Can add contact	14	add_contact
54	Can change contact	14	change_contact
55	Can delete contact	14	delete_contact
56	Can view contact	14	view_contact
57	Can add profile	15	add_profile
58	Can change profile	15	change_profile
59	Can delete profile	15	delete_profile
60	Can view profile	15	view_profile
61	Can add blacklisted token	16	add_blacklistedtoken
62	Can change blacklisted token	16	change_blacklistedtoken
63	Can delete blacklisted token	16	delete_blacklistedtoken
64	Can view blacklisted token	16	view_blacklistedtoken
65	Can add outstanding token	17	add_outstandingtoken
66	Can change outstanding token	17	change_outstandingtoken
67	Can delete outstanding token	17	delete_outstandingtoken
68	Can view outstanding token	17	view_outstandingtoken
\.


--
-- TOC entry 5117 (class 0 OID 16727)
-- Dependencies: 228
-- Data for Name: auth_user; Type: TABLE DATA; Schema: public; Owner: postgres
--

COPY public.auth_user (id, password, last_login, is_superuser, username, first_name, last_name, email, is_staff, is_active, date_joined) FROM stdin;
2	pbkdf2_sha256$870000$xYj5IEbATkbQ6Bz5CLX1PN$iKNylcXvQNz02Fn4nAni2N2prRtXsbx9u6gx/OCOpXU=	\N	f	usernamedeneme	UserName	UserLast	usernamed@gmail.com	f	t	2025-05-14 17:24:46.652607+03
1	pbkdf2_sha256$870000$wdZD7KPjOH1a6nVPkgjDNe$LbQtXk9F9PTkI0d52LFFpdQopwltPMML4wIaa8JZ+kk=	2025-05-16 14:24:27.209252+03	t	mzb			mehmet2002.b@gmail.com	t	t	2025-05-07 20:58:44.27204+03
\.


--
-- TOC entry 5119 (class 0 OID 16735)
-- Dependencies: 230
-- Data for Name: auth_user_groups; Type: TABLE DATA; Schema: public; Owner: postgres
--

COPY public.auth_user_groups (id, user_id, group_id) FROM stdin;
\.


--
-- TOC entry 5121 (class 0 OID 16741)
-- Dependencies: 232
-- Data for Name: auth_user_user_permissions; Type: TABLE DATA; Schema: public; Owner: postgres
--

COPY public.auth_user_user_permissions (id, user_id, permission_id) FROM stdin;
\.


--
-- TOC entry 5134 (class 0 OID 16877)
-- Dependencies: 245
-- Data for Name: blogs_category; Type: TABLE DATA; Schema: public; Owner: postgres
--

COPY public.blogs_category (id, name, description, slug, created_at) FROM stdin;
1	Teknoloji	Teknoloji hakkında yazılar	teknoloji	2025-05-16 14:25:54.000759+03
2	Life	Yaşam hakkında bloglar.	life	2025-05-16 14:26:48.791249+03
3	Sport	Sporla ilgili yazılar.	sport	2025-05-16 14:27:13.908248+03
\.


--
-- TOC entry 5142 (class 0 OID 16911)
-- Dependencies: 253
-- Data for Name: blogs_comment; Type: TABLE DATA; Schema: public; Owner: postgres
--

COPY public.blogs_comment (id, content, created_at, updated_at, is_approved, user_id, post_id) FROM stdin;
1	zart zort	2025-05-16 16:49:12.626036+03	2025-05-16 16:49:12.626045+03	t	2	2
\.


--
-- TOC entry 5138 (class 0 OID 16895)
-- Dependencies: 249
-- Data for Name: blogs_post; Type: TABLE DATA; Schema: public; Owner: postgres
--

COPY public.blogs_post (id, title, slug, content, excerpt, created_at, updated_at, published_at, is_published, author_id, category_id) FROM stdin;
1	İlk Blog Denemsi	ilk-blog-denemsi	Bu ilk blog denemesinin içeriğidir. Yazılar, yazılar, yazılar...	Bu ilk blog denemesinin içeriğidir. Yazılar, yazılar, yazılar...	2025-05-16 14:28:22.430477+03	2025-05-16 14:28:22.430485+03	2025-05-16 14:27:18+03	t	2	1
2	İkinci Blog	ikinci-blog	Bu da ikinci blog içeriğidir. Bu blog ikinci blog.\r\nYazılar\r\nYazılar\r\nBurada sonlanıyor.	Bu da ikinci blog içeriğidir. Bu blog ikinci blog.\r\nYazılar\r\nYazılar\r\nBurada sonlanıyor.	2025-05-16 14:29:16.129191+03	2025-05-16 14:29:16.129199+03	2025-05-16 14:28:28+03	t	2	2
\.


--
-- TOC entry 5140 (class 0 OID 16905)
-- Dependencies: 251
-- Data for Name: blogs_post_tags; Type: TABLE DATA; Schema: public; Owner: postgres
--

COPY public.blogs_post_tags (id, post_id, tag_id) FROM stdin;
1	1	1
2	2	2
3	2	3
\.


--
-- TOC entry 5136 (class 0 OID 16887)
-- Dependencies: 247
-- Data for Name: blogs_tag; Type: TABLE DATA; Schema: public; Owner: postgres
--

COPY public.blogs_tag (id, name, slug) FROM stdin;
1	tech	tech
2	life	life
3	sport	sport
\.


--
-- TOC entry 5144 (class 0 OID 16960)
-- Dependencies: 255
-- Data for Name: contact_contact; Type: TABLE DATA; Schema: public; Owner: postgres
--

COPY public.contact_contact (id, full_name, email, message, is_read) FROM stdin;
\.


--
-- TOC entry 5125 (class 0 OID 16828)
-- Dependencies: 236
-- Data for Name: core_project; Type: TABLE DATA; Schema: public; Owner: postgres
--

COPY public.core_project (id, title, description, image, category, client, completion_date, link) FROM stdin;
1	Kurumsal Web Sitesi Tasarımı	ABC Holding için modern ve duyarlı bir kurumsal web sitesi tasarımı ve geliştirmesi. Şirketin tüm departmanları için özel içerik yönetim sistemi dahil edildi.	projects/abc_holding_website.jpg	Web Tasarım	ABC Holding	2024-03-15	https://www.abcholding.com
2	E-Ticaret Platformu	XYZ Mağazaları için kapsamlı bir e-ticaret platformu. Ödeme entegrasyonu, stok yönetimi ve müşteri analitikleri içeriyor.	projects/xyz_ecommerce.jpg	E-Ticaret	XYZ Mağazaları	2024-01-20	https://www.xyzmagaza.com
3	Mobil Bankacılık Uygulaması	Finans Bank için Android ve iOS platformlarında güvenli ve kullanıcı dostu bir mobil bankacılık uygulaması geliştirdik.	projects/finans_bank_app.jpg	Mobil Uygulama	Finans Bank	2023-11-10	https://www.finansbank.com/mobil
4	Yeni Proje	Yeni proje detayı	projects/spr.png	Tech	Musteri	2025-05-16	https://www.youtube.com/
\.


--
-- TOC entry 5127 (class 0 OID 16836)
-- Dependencies: 238
-- Data for Name: core_service; Type: TABLE DATA; Schema: public; Owner: postgres
--

COPY public.core_service (id, title, description) FROM stdin;
1	Web Tasarım ve Geliştirme	Modern, duyarlı ve SEO dostu web siteleri tasarlıyor ve geliştiriyoruz. HTML5, CSS3, JavaScript ve en güncel çerçeveler kullanarak müşterilerimizin ihtiyaçlarına uygun özelleştirilmiş çözümler sunuyoruz.
2	Mobil Uygulama Geliştirme	iOS ve Android platformları için kullanıcı dostu, performansı yüksek mobil uygulamalar geliştiriyoruz. Uygulama mağazalarında üst sıralarda yer alacak, markanızın değerini yükseltecek çözümler sunuyoruz.
3	Dijital Pazarlama	SEO, SEM, sosyal medya yönetimi ve içerik pazarlaması dahil olmak üzere kapsamlı dijital pazarlama hizmetleri sunuyoruz. Markanızın online görünürlüğünü artırarak daha fazla müşteriye ulaşmanızı sağlıyoruz.
\.


--
-- TOC entry 5129 (class 0 OID 16844)
-- Dependencies: 240
-- Data for Name: core_testimonial; Type: TABLE DATA; Schema: public; Owner: postgres
--

COPY public.core_testimonial (id, name, "position", content, image, rating) FROM stdin;
1	Ahmet Yılmaz	ABC Holding CEO	Ekibin profesyonelliği ve zamanında teslim ettiği kaliteli iş bizi çok memnun etti. Kurumsal web sitemiz için verdikleri hizmet beklentilerimizin ötesindeydi.	testimonials/ahmet_yilmaz.jpg	5
2	Ayşe Kaya	XYZ Mağazaları Pazarlama Direktörü	E-ticaret platformumuzun geliştirilmesi sürecinde gösterdikleri özen ve sundukları yaratıcı çözümler sayesinde online satışlarımız ilk ayda %40 arttı.	testimonials/ayse_kaya.jpg	5
3	Mehmet Demir	Finans Bank Dijital Bankacılık Müdürü	Mobil bankacılık uygulamamız için müşteri deneyimini ön planda tutan yaklaşımları ve güvenlik konusundaki titizlikleri ile mükemmel bir iş çıkardılar.	testimonials/mehmet_demir.jpg	4
\.


--
-- TOC entry 5123 (class 0 OID 16799)
-- Dependencies: 234
-- Data for Name: django_admin_log; Type: TABLE DATA; Schema: public; Owner: postgres
--

COPY public.django_admin_log (id, action_time, object_id, object_repr, action_flag, change_message, content_type_id, user_id) FROM stdin;
1	2025-05-16 14:25:54.002788+03	1	Teknoloji	1	[{"added": {}}]	12	1
2	2025-05-16 14:26:09.797867+03	1	tech	1	[{"added": {}}]	10	1
3	2025-05-16 14:26:16.731411+03	2	life	1	[{"added": {}}]	10	1
4	2025-05-16 14:26:29.554509+03	3	sport	1	[{"added": {}}]	10	1
5	2025-05-16 14:26:48.791841+03	2	Life	1	[{"added": {}}]	12	1
6	2025-05-16 14:27:13.908764+03	3	Sport	1	[{"added": {}}]	12	1
7	2025-05-16 14:28:22.438455+03	1	İlk Blog Denemsi	1	[{"added": {}}]	13	1
8	2025-05-16 14:29:16.132494+03	2	İkinci Blog	1	[{"added": {}}]	13	1
9	2025-05-16 17:09:37.764321+03	4	Yeni Proje	1	[{"added": {}}]	7	1
\.


--
-- TOC entry 5109 (class 0 OID 16699)
-- Dependencies: 220
-- Data for Name: django_content_type; Type: TABLE DATA; Schema: public; Owner: postgres
--

COPY public.django_content_type (id, app_label, model) FROM stdin;
1	admin	logentry
2	auth	permission
3	auth	group
4	auth	user
5	contenttypes	contenttype
6	sessions	session
7	core	project
8	core	service
9	core	testimonial
10	blogs	tag
11	blogs	comment
12	blogs	category
13	blogs	post
14	contact	contact
15	accounts	profile
16	token_blacklist	blacklistedtoken
17	token_blacklist	outstandingtoken
\.


--
-- TOC entry 5107 (class 0 OID 16691)
-- Dependencies: 218
-- Data for Name: django_migrations; Type: TABLE DATA; Schema: public; Owner: postgres
--

COPY public.django_migrations (id, app, name, applied) FROM stdin;
1	contenttypes	0001_initial	2025-04-23 17:21:09.384665+03
2	auth	0001_initial	2025-04-23 17:21:09.432389+03
3	admin	0001_initial	2025-04-23 17:21:09.448686+03
4	admin	0002_logentry_remove_auto_add	2025-04-23 17:21:09.453707+03
5	admin	0003_logentry_add_action_flag_choices	2025-04-23 17:21:09.458202+03
6	contenttypes	0002_remove_content_type_name	2025-04-23 17:21:09.46982+03
7	auth	0002_alter_permission_name_max_length	2025-04-23 17:21:09.478698+03
8	auth	0003_alter_user_email_max_length	2025-04-23 17:21:09.4851+03
9	auth	0004_alter_user_username_opts	2025-04-23 17:21:09.490756+03
10	auth	0005_alter_user_last_login_null	2025-04-23 17:21:09.496477+03
11	auth	0006_require_contenttypes_0002	2025-04-23 17:21:09.497343+03
12	auth	0007_alter_validators_add_error_messages	2025-04-23 17:21:09.502069+03
13	auth	0008_alter_user_username_max_length	2025-04-23 17:21:09.5094+03
14	auth	0009_alter_user_last_name_max_length	2025-04-23 17:21:09.515076+03
15	auth	0010_alter_group_name_max_length	2025-04-23 17:21:09.520693+03
16	auth	0011_update_proxy_permissions	2025-04-23 17:21:09.525296+03
17	auth	0012_alter_user_first_name_max_length	2025-04-23 17:21:09.530792+03
18	core	0001_initial	2025-04-23 17:21:09.542732+03
19	sessions	0001_initial	2025-04-23 17:21:09.550541+03
20	accounts	0001_initial	2025-04-28 18:19:01.072374+03
21	blogs	0001_initial	2025-04-28 18:19:01.123262+03
22	contact	0001_initial	2025-04-28 18:19:01.128559+03
23	token_blacklist	0001_initial	2025-05-11 15:43:24.71155+03
24	token_blacklist	0002_outstandingtoken_jti_hex	2025-05-11 15:43:24.733846+03
25	token_blacklist	0003_auto_20171017_2007	2025-05-11 15:43:24.770801+03
26	token_blacklist	0004_auto_20171017_2013	2025-05-11 15:43:24.798182+03
27	token_blacklist	0005_remove_outstandingtoken_jti	2025-05-11 15:43:24.827728+03
28	token_blacklist	0006_auto_20171017_2113	2025-05-11 15:43:24.856959+03
29	token_blacklist	0007_auto_20171017_2214	2025-05-11 15:43:24.929814+03
30	token_blacklist	0008_migrate_to_bigautofield	2025-05-11 15:43:25.001224+03
31	token_blacklist	0010_fix_migrate_to_bigautofield	2025-05-11 15:43:25.034061+03
32	token_blacklist	0011_linearizes_history	2025-05-11 15:43:25.037077+03
33	token_blacklist	0012_alter_outstandingtoken_user	2025-05-11 15:43:25.061494+03
34	contact	0002_remove_contact_subject	2025-05-14 09:52:33.353557+03
\.


--
-- TOC entry 5130 (class 0 OID 16851)
-- Dependencies: 241
-- Data for Name: django_session; Type: TABLE DATA; Schema: public; Owner: postgres
--

COPY public.django_session (session_key, session_data, expire_date) FROM stdin;
jll74jhvs7i0bbfynhcsw4cr07z9yyff	.eJxVjM0OwiAQhN-FsyH8KN316L3PQHaBStVAUtqT8d2lSQ96nPm-mbfwtK3Zby0tfo7iKrQ4_XZM4ZnKDuKDyr3KUMu6zCx3RR60ybHG9Lod7t9Bppb7GgKzZn2JaMFMCY0zyaACPViEwerJIQMqdsaxOQOrnqLtMqEjDCg-X8MbNto:1uFtAx:moeQKquRukJzVPdhK6rkTN5JTFWCHoncbKA23bh8wkE	2025-05-30 14:24:27.213723+03
\.


--
-- TOC entry 5146 (class 0 OID 21281)
-- Dependencies: 257
-- Data for Name: token_blacklist_blacklistedtoken; Type: TABLE DATA; Schema: public; Owner: postgres
--

COPY public.token_blacklist_blacklistedtoken (id, blacklisted_at, token_id) FROM stdin;
1	2025-05-16 16:50:45.733864+03	8
2	2025-05-16 17:03:40.028909+03	9
3	2025-05-16 17:07:40.729762+03	11
4	2025-05-16 17:15:53.718331+03	12
5	2025-05-16 17:19:54.726894+03	13
6	2025-05-16 17:23:55.83543+03	14
7	2025-05-16 17:39:12.82769+03	16
\.


--
-- TOC entry 5148 (class 0 OID 21287)
-- Dependencies: 259
-- Data for Name: token_blacklist_outstandingtoken; Type: TABLE DATA; Schema: public; Owner: postgres
--

COPY public.token_blacklist_outstandingtoken (id, token, created_at, expires_at, user_id, jti) FROM stdin;
1	eyJhbGciOiJIUzI1NiIsInR5cCI6IkpXVCJ9.eyJ0b2tlbl90eXBlIjoicmVmcmVzaCIsImV4cCI6MTc0NzgzNzU0NywiaWF0IjoxNzQ3MjMyNzQ3LCJqdGkiOiJjYzQwZjM3N2I3NzQ0M2JjYmViMGNiMDc0ZjBmYWE1NCIsInVzZXJfaWQiOjJ9.fvwN63MXJyKacXR1MXRapLtbhoBxK7ZHnjUdHNILsW4	2025-05-14 17:25:47.947243+03	2025-05-21 17:25:47+03	2	cc40f377b77443bcbeb0cb074f0faa54
2	eyJhbGciOiJIUzI1NiIsInR5cCI6IkpXVCJ9.eyJ0b2tlbl90eXBlIjoicmVmcmVzaCIsImV4cCI6MTc0NzgzODExMSwiaWF0IjoxNzQ3MjMzMzExLCJqdGkiOiI1ODNjNjVlZjViOTc0NjY2YmEwNmVmZTZjOGE4OGZiYyIsInVzZXJfaWQiOjJ9.TrPl0XUfYISZACz0rS6I6welehlRtCopnQqioTIF6uM	2025-05-14 17:35:11.657178+03	2025-05-21 17:35:11+03	2	583c65ef5b974666ba06efe6c8a88fbc
3	eyJhbGciOiJIUzI1NiIsInR5cCI6IkpXVCJ9.eyJ0b2tlbl90eXBlIjoicmVmcmVzaCIsImV4cCI6MTc0NzgzODM5MCwiaWF0IjoxNzQ3MjMzNTkwLCJqdGkiOiJhMjNiM2MwZjhkZWM0MzQ2YmRlNWUyNmY4Mzg3ODU1MCIsInVzZXJfaWQiOjJ9.WA_8aoE5MdSAlKKlSrSq64Q2KMMlu0qpCFsuPfnKFrk	2025-05-14 17:39:50.370923+03	2025-05-21 17:39:50+03	2	a23b3c0f8dec4346bde5e26f83878550
4	eyJhbGciOiJIUzI1NiIsInR5cCI6IkpXVCJ9.eyJ0b2tlbl90eXBlIjoicmVmcmVzaCIsImV4cCI6MTc0Nzk0Mzk2MiwiaWF0IjoxNzQ3MzM5MTYyLCJqdGkiOiJiNDRjY2U2NjkzMGU0YWFlODliMTk5MzBhMWMwZjMzMiIsInVzZXJfaWQiOjJ9.eMhoaB7p7FT19hlAycLZT7E6pezECGCsgXJvk5zw7bQ	2025-05-15 22:59:22.258852+03	2025-05-22 22:59:22+03	2	b44cce66930e4aae89b19930a1c0f332
5	eyJhbGciOiJIUzI1NiIsInR5cCI6IkpXVCJ9.eyJ0b2tlbl90eXBlIjoicmVmcmVzaCIsImV4cCI6MTc0ODAwNTg0MSwiaWF0IjoxNzQ3NDAxMDQxLCJqdGkiOiI2ZDMyMDBlM2I0MzA0YTRhYTNhYTY1MWRhYTc0ZDg1OSIsInVzZXJfaWQiOjJ9.QUV_HkxtphhKotfxerorTV4zpz6_kxwAVwZA56EV5e0	2025-05-16 16:10:41.351645+03	2025-05-23 16:10:41+03	2	6d3200e3b4304a4aa3aa651daa74d859
6	eyJhbGciOiJIUzI1NiIsInR5cCI6IkpXVCJ9.eyJ0b2tlbl90eXBlIjoicmVmcmVzaCIsImV4cCI6MTc0ODAwNTk1OSwiaWF0IjoxNzQ3NDAxMTU5LCJqdGkiOiI1YjU5OGRkY2I0YjY0ZmRjYjkzMmZiNzJkZDcxYWJmMiIsInVzZXJfaWQiOjJ9.GeeK1HvydEp5z5s07-txlw2Ne-Ob16XR0JJ7W5-KEiA	2025-05-16 16:12:39.699856+03	2025-05-23 16:12:39+03	2	5b598ddcb4b64fdcb932fb72dd71abf2
7	eyJhbGciOiJIUzI1NiIsInR5cCI6IkpXVCJ9.eyJ0b2tlbl90eXBlIjoicmVmcmVzaCIsImV4cCI6MTc0ODAwNzcwNiwiaWF0IjoxNzQ3NDAyOTA2LCJqdGkiOiIzMWU3MzEwYWM3MWI0MGI0ODZhZDE3MmJlMzA2MTVlNCIsInVzZXJfaWQiOjJ9.vejWxX7MFTNmOItSAnh1XsaEGXHfmc24gFecWSwe6M0	2025-05-16 16:41:46.535645+03	2025-05-23 16:41:46+03	2	31e7310ac71b40b486ad172be30615e4
8	eyJhbGciOiJIUzI1NiIsInR5cCI6IkpXVCJ9.eyJ0b2tlbl90eXBlIjoicmVmcmVzaCIsImV4cCI6MTc0ODAwODAwNSwiaWF0IjoxNzQ3NDAzMjA1LCJqdGkiOiJhZTdmMTNhYzUzM2Q0MDViYWJhMWMyYjI1ZWVjZDdmYSIsInVzZXJfaWQiOjJ9.RNsmB0mP2DESExxjXtuKwF49JWUh08qoqXHTbrY7Y3M	2025-05-16 16:46:45.543774+03	2025-05-23 16:46:45+03	2	ae7f13ac533d405baba1c2b25eecd7fa
9	eyJhbGciOiJIUzI1NiIsInR5cCI6IkpXVCJ9.eyJ0b2tlbl90eXBlIjoicmVmcmVzaCIsImV4cCI6MTc0ODAwODI0NSwiaWF0IjoxNzQ3NDAzNDQ1LCJqdGkiOiIwNWE0ZmM0OTc4ODM0OWE0YTc2ODQwOGQzZmRjZjYwYiIsInVzZXJfaWQiOjJ9.DD4rDkv3Q6g_lQsDHunqSs269T9KmZW0sxWDjx-et7M	2025-05-16 16:50:45.668984+03	2025-05-23 16:50:45+03	2	05a4fc49788349a4a768408d3fdcf60b
10	eyJhbGciOiJIUzI1NiIsInR5cCI6IkpXVCJ9.eyJ0b2tlbl90eXBlIjoicmVmcmVzaCIsImV4cCI6MTc0ODAwODUxMCwiaWF0IjoxNzQ3NDAzNzEwLCJqdGkiOiI1ZjM2YzNhNjI1ZGY0NjI0YmY5ZWU4ZDdlMGFiNzA1MCIsInVzZXJfaWQiOjJ9.WDbGtSK4JCg9tB57PcppRBnvi3tQGCAvqRQ6mGh6xDA	2025-05-16 16:55:10.630347+03	2025-05-23 16:55:10+03	2	5f36c3a625df4624bf9ee8d7e0ab7050
11	eyJhbGciOiJIUzI1NiIsInR5cCI6IkpXVCJ9.eyJ0b2tlbl90eXBlIjoicmVmcmVzaCIsImV4cCI6MTc0ODAwOTAxOSwiaWF0IjoxNzQ3NDA0MjE5LCJqdGkiOiI2N2IwNDNmY2IzNzE0MmEzODE5NTZiNmZhODkzNzdlMyIsInVzZXJfaWQiOjJ9.cmBXnuMDDDDNWvGI9GwTFs5h_sqYxZD0T-ZJ1dJt3ok	2025-05-16 17:03:39.978443+03	2025-05-23 17:03:39+03	2	67b043fcb37142a381956b6fa89377e3
12	eyJhbGciOiJIUzI1NiIsInR5cCI6IkpXVCJ9.eyJ0b2tlbl90eXBlIjoicmVmcmVzaCIsImV4cCI6MTc0ODAwOTI2MCwiaWF0IjoxNzQ3NDA0NDYwLCJqdGkiOiJjOWJlNjRhN2JjNjg0YjljYTY1YTIxN2VhNzE0YzhmYSIsInVzZXJfaWQiOjJ9.Pp_0Iu4_5F_jJeuKs5A87W0zvNVrk_QBlyO-gsZvj84	2025-05-16 17:07:40.676945+03	2025-05-23 17:07:40+03	2	c9be64a7bc684b9ca65a217ea714c8fa
13	eyJhbGciOiJIUzI1NiIsInR5cCI6IkpXVCJ9.eyJ0b2tlbl90eXBlIjoicmVmcmVzaCIsImV4cCI6MTc0ODAwOTc1MywiaWF0IjoxNzQ3NDA0OTUzLCJqdGkiOiI5YmM1ODdjMzQyYTE0NTQyOWFlZTk0OTI1ZDVlNDJiMyIsInVzZXJfaWQiOjJ9.RfRAyChlY2Fqf3Ubf0sqEKtlZ9Z5mku3ZjHL4JIqmOk	2025-05-16 17:15:53.665873+03	2025-05-23 17:15:53+03	2	9bc587c342a145429aee94925d5e42b3
14	eyJhbGciOiJIUzI1NiIsInR5cCI6IkpXVCJ9.eyJ0b2tlbl90eXBlIjoicmVmcmVzaCIsImV4cCI6MTc0ODAwOTk5NCwiaWF0IjoxNzQ3NDA1MTk0LCJqdGkiOiIwMTZjYTAzMGU5ZWU0NDVhODY2MWYzZmEyYzBkN2UzMCIsInVzZXJfaWQiOjJ9.y3fpCZrczV7iV2twWGOuiUc5JLx-5b_MyTfobTX8p3U	2025-05-16 17:19:54.674999+03	2025-05-23 17:19:54+03	2	016ca030e9ee445a8661f3fa2c0d7e30
15	eyJhbGciOiJIUzI1NiIsInR5cCI6IkpXVCJ9.eyJ0b2tlbl90eXBlIjoicmVmcmVzaCIsImV4cCI6MTc0ODAxMDIzNSwiaWF0IjoxNzQ3NDA1NDM1LCJqdGkiOiJiNDRmNjdjOTE1ZjQ0MjE0ODQ2NDAwMTQzZWM5NDcyYSIsInVzZXJfaWQiOjJ9.o2s2WG4G8YhWirTn0jMBbMk-fFVIJ_unFfnD5Nx-oKs	2025-05-16 17:23:55.670553+03	2025-05-23 17:23:55+03	2	b44f67c915f44214846400143ec9472a
16	eyJhbGciOiJIUzI1NiIsInR5cCI6IkpXVCJ9.eyJ0b2tlbl90eXBlIjoicmVmcmVzaCIsImV4cCI6MTc0ODAxMDkxMSwiaWF0IjoxNzQ3NDA2MTExLCJqdGkiOiI0Y2I0MDdkMTA0Y2Q0YWYwOTllNjFhYmU5NjI2YWY3MCIsInVzZXJfaWQiOjJ9.h1qQBw-JZksXaBqNr_grjnjJu-bv1pNf0BA54rtneLk	2025-05-16 17:35:11.999786+03	2025-05-23 17:35:11+03	2	4cb407d104cd4af099e61abe9626af70
17	eyJhbGciOiJIUzI1NiIsInR5cCI6IkpXVCJ9.eyJ0b2tlbl90eXBlIjoicmVmcmVzaCIsImV4cCI6MTc0ODAxMTE1MiwiaWF0IjoxNzQ3NDA2MzUyLCJqdGkiOiJjMzQyZjFlMTQyNDE0ZmJlODc1NmI4ZmUzYjg5ZGJmYSIsInVzZXJfaWQiOjJ9._D2aJxSFrhFcArD4vClI2BXIvd7VooOrEs6gROi6ZQY	2025-05-16 17:39:12.666941+03	2025-05-23 17:39:12+03	2	c342f1e142414fbe8756b8fe3b89dbfa
18	eyJhbGciOiJIUzI1NiIsInR5cCI6IkpXVCJ9.eyJ0b2tlbl90eXBlIjoicmVmcmVzaCIsImV4cCI6MTc0ODAyMjMyMCwiaWF0IjoxNzQ3NDE3NTIwLCJqdGkiOiJiNTM3MzhjY2VkMTk0ZDg4YTc1OTZlYzVmN2E4OWViZCIsInVzZXJfaWQiOjJ9.EMm3uuFq7RkBJuGUJX2mnJSmoKxJda4tvaAMYLKnVrQ	2025-05-16 20:45:20.892778+03	2025-05-23 20:45:20+03	2	b53738cced194d88a7596ec5f7a89ebd
\.


--
-- TOC entry 5154 (class 0 OID 0)
-- Dependencies: 242
-- Name: accounts_profile_id_seq; Type: SEQUENCE SET; Schema: public; Owner: postgres
--

SELECT pg_catalog.setval('public.accounts_profile_id_seq', 2, true);


--
-- TOC entry 5155 (class 0 OID 0)
-- Dependencies: 223
-- Name: auth_group_id_seq; Type: SEQUENCE SET; Schema: public; Owner: postgres
--

SELECT pg_catalog.setval('public.auth_group_id_seq', 1, false);


--
-- TOC entry 5156 (class 0 OID 0)
-- Dependencies: 225
-- Name: auth_group_permissions_id_seq; Type: SEQUENCE SET; Schema: public; Owner: postgres
--

SELECT pg_catalog.setval('public.auth_group_permissions_id_seq', 1, false);


--
-- TOC entry 5157 (class 0 OID 0)
-- Dependencies: 221
-- Name: auth_permission_id_seq; Type: SEQUENCE SET; Schema: public; Owner: postgres
--

SELECT pg_catalog.setval('public.auth_permission_id_seq', 68, true);


--
-- TOC entry 5158 (class 0 OID 0)
-- Dependencies: 229
-- Name: auth_user_groups_id_seq; Type: SEQUENCE SET; Schema: public; Owner: postgres
--

SELECT pg_catalog.setval('public.auth_user_groups_id_seq', 1, false);


--
-- TOC entry 5159 (class 0 OID 0)
-- Dependencies: 227
-- Name: auth_user_id_seq; Type: SEQUENCE SET; Schema: public; Owner: postgres
--

SELECT pg_catalog.setval('public.auth_user_id_seq', 2, true);


--
-- TOC entry 5160 (class 0 OID 0)
-- Dependencies: 231
-- Name: auth_user_user_permissions_id_seq; Type: SEQUENCE SET; Schema: public; Owner: postgres
--

SELECT pg_catalog.setval('public.auth_user_user_permissions_id_seq', 1, false);


--
-- TOC entry 5161 (class 0 OID 0)
-- Dependencies: 244
-- Name: blogs_category_id_seq; Type: SEQUENCE SET; Schema: public; Owner: postgres
--

SELECT pg_catalog.setval('public.blogs_category_id_seq', 3, true);


--
-- TOC entry 5162 (class 0 OID 0)
-- Dependencies: 252
-- Name: blogs_comment_id_seq; Type: SEQUENCE SET; Schema: public; Owner: postgres
--

SELECT pg_catalog.setval('public.blogs_comment_id_seq', 1, true);


--
-- TOC entry 5163 (class 0 OID 0)
-- Dependencies: 248
-- Name: blogs_post_id_seq; Type: SEQUENCE SET; Schema: public; Owner: postgres
--

SELECT pg_catalog.setval('public.blogs_post_id_seq', 2, true);


--
-- TOC entry 5164 (class 0 OID 0)
-- Dependencies: 250
-- Name: blogs_post_tags_id_seq; Type: SEQUENCE SET; Schema: public; Owner: postgres
--

SELECT pg_catalog.setval('public.blogs_post_tags_id_seq', 3, true);


--
-- TOC entry 5165 (class 0 OID 0)
-- Dependencies: 246
-- Name: blogs_tag_id_seq; Type: SEQUENCE SET; Schema: public; Owner: postgres
--

SELECT pg_catalog.setval('public.blogs_tag_id_seq', 3, true);


--
-- TOC entry 5166 (class 0 OID 0)
-- Dependencies: 254
-- Name: contact_contact_id_seq; Type: SEQUENCE SET; Schema: public; Owner: postgres
--

SELECT pg_catalog.setval('public.contact_contact_id_seq', 1, false);


--
-- TOC entry 5167 (class 0 OID 0)
-- Dependencies: 235
-- Name: core_project_id_seq; Type: SEQUENCE SET; Schema: public; Owner: postgres
--

SELECT pg_catalog.setval('public.core_project_id_seq', 4, true);


--
-- TOC entry 5168 (class 0 OID 0)
-- Dependencies: 237
-- Name: core_service_id_seq; Type: SEQUENCE SET; Schema: public; Owner: postgres
--

SELECT pg_catalog.setval('public.core_service_id_seq', 3, true);


--
-- TOC entry 5169 (class 0 OID 0)
-- Dependencies: 239
-- Name: core_testimonial_id_seq; Type: SEQUENCE SET; Schema: public; Owner: postgres
--

SELECT pg_catalog.setval('public.core_testimonial_id_seq', 3, true);


--
-- TOC entry 5170 (class 0 OID 0)
-- Dependencies: 233
-- Name: django_admin_log_id_seq; Type: SEQUENCE SET; Schema: public; Owner: postgres
--

SELECT pg_catalog.setval('public.django_admin_log_id_seq', 9, true);


--
-- TOC entry 5171 (class 0 OID 0)
-- Dependencies: 219
-- Name: django_content_type_id_seq; Type: SEQUENCE SET; Schema: public; Owner: postgres
--

SELECT pg_catalog.setval('public.django_content_type_id_seq', 17, true);


--
-- TOC entry 5172 (class 0 OID 0)
-- Dependencies: 217
-- Name: django_migrations_id_seq; Type: SEQUENCE SET; Schema: public; Owner: postgres
--

SELECT pg_catalog.setval('public.django_migrations_id_seq', 34, true);


--
-- TOC entry 5173 (class 0 OID 0)
-- Dependencies: 256
-- Name: token_blacklist_blacklistedtoken_id_seq; Type: SEQUENCE SET; Schema: public; Owner: postgres
--

SELECT pg_catalog.setval('public.token_blacklist_blacklistedtoken_id_seq', 7, true);


--
-- TOC entry 5174 (class 0 OID 0)
-- Dependencies: 258
-- Name: token_blacklist_outstandingtoken_id_seq; Type: SEQUENCE SET; Schema: public; Owner: postgres
--

SELECT pg_catalog.setval('public.token_blacklist_outstandingtoken_id_seq', 18, true);


--
-- TOC entry 4901 (class 2606 OID 16868)
-- Name: accounts_profile accounts_profile_pkey; Type: CONSTRAINT; Schema: public; Owner: postgres
--

ALTER TABLE ONLY public.accounts_profile
    ADD CONSTRAINT accounts_profile_pkey PRIMARY KEY (id);


--
-- TOC entry 4903 (class 2606 OID 16870)
-- Name: accounts_profile accounts_profile_user_id_key; Type: CONSTRAINT; Schema: public; Owner: postgres
--

ALTER TABLE ONLY public.accounts_profile
    ADD CONSTRAINT accounts_profile_user_id_key UNIQUE (user_id);


--
-- TOC entry 4860 (class 2606 OID 16825)
-- Name: auth_group auth_group_name_key; Type: CONSTRAINT; Schema: public; Owner: postgres
--

ALTER TABLE ONLY public.auth_group
    ADD CONSTRAINT auth_group_name_key UNIQUE (name);


--
-- TOC entry 4865 (class 2606 OID 16756)
-- Name: auth_group_permissions auth_group_permissions_group_id_permission_id_0cd325b0_uniq; Type: CONSTRAINT; Schema: public; Owner: postgres
--

ALTER TABLE ONLY public.auth_group_permissions
    ADD CONSTRAINT auth_group_permissions_group_id_permission_id_0cd325b0_uniq UNIQUE (group_id, permission_id);


--
-- TOC entry 4868 (class 2606 OID 16725)
-- Name: auth_group_permissions auth_group_permissions_pkey; Type: CONSTRAINT; Schema: public; Owner: postgres
--

ALTER TABLE ONLY public.auth_group_permissions
    ADD CONSTRAINT auth_group_permissions_pkey PRIMARY KEY (id);


--
-- TOC entry 4862 (class 2606 OID 16717)
-- Name: auth_group auth_group_pkey; Type: CONSTRAINT; Schema: public; Owner: postgres
--

ALTER TABLE ONLY public.auth_group
    ADD CONSTRAINT auth_group_pkey PRIMARY KEY (id);


--
-- TOC entry 4855 (class 2606 OID 16747)
-- Name: auth_permission auth_permission_content_type_id_codename_01ab375a_uniq; Type: CONSTRAINT; Schema: public; Owner: postgres
--

ALTER TABLE ONLY public.auth_permission
    ADD CONSTRAINT auth_permission_content_type_id_codename_01ab375a_uniq UNIQUE (content_type_id, codename);


--
-- TOC entry 4857 (class 2606 OID 16711)
-- Name: auth_permission auth_permission_pkey; Type: CONSTRAINT; Schema: public; Owner: postgres
--

ALTER TABLE ONLY public.auth_permission
    ADD CONSTRAINT auth_permission_pkey PRIMARY KEY (id);


--
-- TOC entry 4876 (class 2606 OID 16739)
-- Name: auth_user_groups auth_user_groups_pkey; Type: CONSTRAINT; Schema: public; Owner: postgres
--

ALTER TABLE ONLY public.auth_user_groups
    ADD CONSTRAINT auth_user_groups_pkey PRIMARY KEY (id);


--
-- TOC entry 4879 (class 2606 OID 16771)
-- Name: auth_user_groups auth_user_groups_user_id_group_id_94350c0c_uniq; Type: CONSTRAINT; Schema: public; Owner: postgres
--

ALTER TABLE ONLY public.auth_user_groups
    ADD CONSTRAINT auth_user_groups_user_id_group_id_94350c0c_uniq UNIQUE (user_id, group_id);


--
-- TOC entry 4870 (class 2606 OID 16731)
-- Name: auth_user auth_user_pkey; Type: CONSTRAINT; Schema: public; Owner: postgres
--

ALTER TABLE ONLY public.auth_user
    ADD CONSTRAINT auth_user_pkey PRIMARY KEY (id);


--
-- TOC entry 4882 (class 2606 OID 16745)
-- Name: auth_user_user_permissions auth_user_user_permissions_pkey; Type: CONSTRAINT; Schema: public; Owner: postgres
--

ALTER TABLE ONLY public.auth_user_user_permissions
    ADD CONSTRAINT auth_user_user_permissions_pkey PRIMARY KEY (id);


--
-- TOC entry 4885 (class 2606 OID 16785)
-- Name: auth_user_user_permissions auth_user_user_permissions_user_id_permission_id_14a6b632_uniq; Type: CONSTRAINT; Schema: public; Owner: postgres
--

ALTER TABLE ONLY public.auth_user_user_permissions
    ADD CONSTRAINT auth_user_user_permissions_user_id_permission_id_14a6b632_uniq UNIQUE (user_id, permission_id);


--
-- TOC entry 4873 (class 2606 OID 16820)
-- Name: auth_user auth_user_username_key; Type: CONSTRAINT; Schema: public; Owner: postgres
--

ALTER TABLE ONLY public.auth_user
    ADD CONSTRAINT auth_user_username_key UNIQUE (username);


--
-- TOC entry 4905 (class 2606 OID 16883)
-- Name: blogs_category blogs_category_pkey; Type: CONSTRAINT; Schema: public; Owner: postgres
--

ALTER TABLE ONLY public.blogs_category
    ADD CONSTRAINT blogs_category_pkey PRIMARY KEY (id);


--
-- TOC entry 4908 (class 2606 OID 16885)
-- Name: blogs_category blogs_category_slug_key; Type: CONSTRAINT; Schema: public; Owner: postgres
--

ALTER TABLE ONLY public.blogs_category
    ADD CONSTRAINT blogs_category_slug_key UNIQUE (slug);


--
-- TOC entry 4928 (class 2606 OID 16917)
-- Name: blogs_comment blogs_comment_pkey; Type: CONSTRAINT; Schema: public; Owner: postgres
--

ALTER TABLE ONLY public.blogs_comment
    ADD CONSTRAINT blogs_comment_pkey PRIMARY KEY (id);


--
-- TOC entry 4917 (class 2606 OID 16901)
-- Name: blogs_post blogs_post_pkey; Type: CONSTRAINT; Schema: public; Owner: postgres
--

ALTER TABLE ONLY public.blogs_post
    ADD CONSTRAINT blogs_post_pkey PRIMARY KEY (id);


--
-- TOC entry 4920 (class 2606 OID 16903)
-- Name: blogs_post blogs_post_slug_key; Type: CONSTRAINT; Schema: public; Owner: postgres
--

ALTER TABLE ONLY public.blogs_post
    ADD CONSTRAINT blogs_post_slug_key UNIQUE (slug);


--
-- TOC entry 4922 (class 2606 OID 16909)
-- Name: blogs_post_tags blogs_post_tags_pkey; Type: CONSTRAINT; Schema: public; Owner: postgres
--

ALTER TABLE ONLY public.blogs_post_tags
    ADD CONSTRAINT blogs_post_tags_pkey PRIMARY KEY (id);


--
-- TOC entry 4925 (class 2606 OID 16934)
-- Name: blogs_post_tags blogs_post_tags_post_id_tag_id_9173b6e0_uniq; Type: CONSTRAINT; Schema: public; Owner: postgres
--

ALTER TABLE ONLY public.blogs_post_tags
    ADD CONSTRAINT blogs_post_tags_post_id_tag_id_9173b6e0_uniq UNIQUE (post_id, tag_id);


--
-- TOC entry 4910 (class 2606 OID 16891)
-- Name: blogs_tag blogs_tag_pkey; Type: CONSTRAINT; Schema: public; Owner: postgres
--

ALTER TABLE ONLY public.blogs_tag
    ADD CONSTRAINT blogs_tag_pkey PRIMARY KEY (id);


--
-- TOC entry 4913 (class 2606 OID 16893)
-- Name: blogs_tag blogs_tag_slug_key; Type: CONSTRAINT; Schema: public; Owner: postgres
--

ALTER TABLE ONLY public.blogs_tag
    ADD CONSTRAINT blogs_tag_slug_key UNIQUE (slug);


--
-- TOC entry 4932 (class 2606 OID 16966)
-- Name: contact_contact contact_contact_pkey; Type: CONSTRAINT; Schema: public; Owner: postgres
--

ALTER TABLE ONLY public.contact_contact
    ADD CONSTRAINT contact_contact_pkey PRIMARY KEY (id);


--
-- TOC entry 4891 (class 2606 OID 16834)
-- Name: core_project core_project_pkey; Type: CONSTRAINT; Schema: public; Owner: postgres
--

ALTER TABLE ONLY public.core_project
    ADD CONSTRAINT core_project_pkey PRIMARY KEY (id);


--
-- TOC entry 4893 (class 2606 OID 16842)
-- Name: core_service core_service_pkey; Type: CONSTRAINT; Schema: public; Owner: postgres
--

ALTER TABLE ONLY public.core_service
    ADD CONSTRAINT core_service_pkey PRIMARY KEY (id);


--
-- TOC entry 4895 (class 2606 OID 16850)
-- Name: core_testimonial core_testimonial_pkey; Type: CONSTRAINT; Schema: public; Owner: postgres
--

ALTER TABLE ONLY public.core_testimonial
    ADD CONSTRAINT core_testimonial_pkey PRIMARY KEY (id);


--
-- TOC entry 4888 (class 2606 OID 16806)
-- Name: django_admin_log django_admin_log_pkey; Type: CONSTRAINT; Schema: public; Owner: postgres
--

ALTER TABLE ONLY public.django_admin_log
    ADD CONSTRAINT django_admin_log_pkey PRIMARY KEY (id);


--
-- TOC entry 4850 (class 2606 OID 16705)
-- Name: django_content_type django_content_type_app_label_model_76bd3d3b_uniq; Type: CONSTRAINT; Schema: public; Owner: postgres
--

ALTER TABLE ONLY public.django_content_type
    ADD CONSTRAINT django_content_type_app_label_model_76bd3d3b_uniq UNIQUE (app_label, model);


--
-- TOC entry 4852 (class 2606 OID 16703)
-- Name: django_content_type django_content_type_pkey; Type: CONSTRAINT; Schema: public; Owner: postgres
--

ALTER TABLE ONLY public.django_content_type
    ADD CONSTRAINT django_content_type_pkey PRIMARY KEY (id);


--
-- TOC entry 4848 (class 2606 OID 16697)
-- Name: django_migrations django_migrations_pkey; Type: CONSTRAINT; Schema: public; Owner: postgres
--

ALTER TABLE ONLY public.django_migrations
    ADD CONSTRAINT django_migrations_pkey PRIMARY KEY (id);


--
-- TOC entry 4898 (class 2606 OID 16857)
-- Name: django_session django_session_pkey; Type: CONSTRAINT; Schema: public; Owner: postgres
--

ALTER TABLE ONLY public.django_session
    ADD CONSTRAINT django_session_pkey PRIMARY KEY (session_key);


--
-- TOC entry 4934 (class 2606 OID 21319)
-- Name: token_blacklist_blacklistedtoken token_blacklist_blacklistedtoken_pkey; Type: CONSTRAINT; Schema: public; Owner: postgres
--

ALTER TABLE ONLY public.token_blacklist_blacklistedtoken
    ADD CONSTRAINT token_blacklist_blacklistedtoken_pkey PRIMARY KEY (id);


--
-- TOC entry 4936 (class 2606 OID 21340)
-- Name: token_blacklist_blacklistedtoken token_blacklist_blacklistedtoken_token_id_key; Type: CONSTRAINT; Schema: public; Owner: postgres
--

ALTER TABLE ONLY public.token_blacklist_blacklistedtoken
    ADD CONSTRAINT token_blacklist_blacklistedtoken_token_id_key UNIQUE (token_id);


--
-- TOC entry 4939 (class 2606 OID 21310)
-- Name: token_blacklist_outstandingtoken token_blacklist_outstandingtoken_jti_hex_d9bdf6f7_uniq; Type: CONSTRAINT; Schema: public; Owner: postgres
--

ALTER TABLE ONLY public.token_blacklist_outstandingtoken
    ADD CONSTRAINT token_blacklist_outstandingtoken_jti_hex_d9bdf6f7_uniq UNIQUE (jti);


--
-- TOC entry 4941 (class 2606 OID 21328)
-- Name: token_blacklist_outstandingtoken token_blacklist_outstandingtoken_pkey; Type: CONSTRAINT; Schema: public; Owner: postgres
--

ALTER TABLE ONLY public.token_blacklist_outstandingtoken
    ADD CONSTRAINT token_blacklist_outstandingtoken_pkey PRIMARY KEY (id);


--
-- TOC entry 4858 (class 1259 OID 16826)
-- Name: auth_group_name_a6ea08ec_like; Type: INDEX; Schema: public; Owner: postgres
--

CREATE INDEX auth_group_name_a6ea08ec_like ON public.auth_group USING btree (name varchar_pattern_ops);


--
-- TOC entry 4863 (class 1259 OID 16767)
-- Name: auth_group_permissions_group_id_b120cbf9; Type: INDEX; Schema: public; Owner: postgres
--

CREATE INDEX auth_group_permissions_group_id_b120cbf9 ON public.auth_group_permissions USING btree (group_id);


--
-- TOC entry 4866 (class 1259 OID 16768)
-- Name: auth_group_permissions_permission_id_84c5c92e; Type: INDEX; Schema: public; Owner: postgres
--

CREATE INDEX auth_group_permissions_permission_id_84c5c92e ON public.auth_group_permissions USING btree (permission_id);


--
-- TOC entry 4853 (class 1259 OID 16753)
-- Name: auth_permission_content_type_id_2f476e4b; Type: INDEX; Schema: public; Owner: postgres
--

CREATE INDEX auth_permission_content_type_id_2f476e4b ON public.auth_permission USING btree (content_type_id);


--
-- TOC entry 4874 (class 1259 OID 16783)
-- Name: auth_user_groups_group_id_97559544; Type: INDEX; Schema: public; Owner: postgres
--

CREATE INDEX auth_user_groups_group_id_97559544 ON public.auth_user_groups USING btree (group_id);


--
-- TOC entry 4877 (class 1259 OID 16782)
-- Name: auth_user_groups_user_id_6a12ed8b; Type: INDEX; Schema: public; Owner: postgres
--

CREATE INDEX auth_user_groups_user_id_6a12ed8b ON public.auth_user_groups USING btree (user_id);


--
-- TOC entry 4880 (class 1259 OID 16797)
-- Name: auth_user_user_permissions_permission_id_1fbb5f2c; Type: INDEX; Schema: public; Owner: postgres
--

CREATE INDEX auth_user_user_permissions_permission_id_1fbb5f2c ON public.auth_user_user_permissions USING btree (permission_id);


--
-- TOC entry 4883 (class 1259 OID 16796)
-- Name: auth_user_user_permissions_user_id_a95ead1b; Type: INDEX; Schema: public; Owner: postgres
--

CREATE INDEX auth_user_user_permissions_user_id_a95ead1b ON public.auth_user_user_permissions USING btree (user_id);


--
-- TOC entry 4871 (class 1259 OID 16821)
-- Name: auth_user_username_6821ab7c_like; Type: INDEX; Schema: public; Owner: postgres
--

CREATE INDEX auth_user_username_6821ab7c_like ON public.auth_user USING btree (username varchar_pattern_ops);


--
-- TOC entry 4906 (class 1259 OID 16918)
-- Name: blogs_category_slug_daea88ea_like; Type: INDEX; Schema: public; Owner: postgres
--

CREATE INDEX blogs_category_slug_daea88ea_like ON public.blogs_category USING btree (slug varchar_pattern_ops);


--
-- TOC entry 4929 (class 1259 OID 16958)
-- Name: blogs_comment_post_id_670c072f; Type: INDEX; Schema: public; Owner: postgres
--

CREATE INDEX blogs_comment_post_id_670c072f ON public.blogs_comment USING btree (post_id);


--
-- TOC entry 4930 (class 1259 OID 16957)
-- Name: blogs_comment_user_id_e0b0b977; Type: INDEX; Schema: public; Owner: postgres
--

CREATE INDEX blogs_comment_user_id_e0b0b977 ON public.blogs_comment USING btree (user_id);


--
-- TOC entry 4914 (class 1259 OID 16931)
-- Name: blogs_post_author_id_c7d05c07; Type: INDEX; Schema: public; Owner: postgres
--

CREATE INDEX blogs_post_author_id_c7d05c07 ON public.blogs_post USING btree (author_id);


--
-- TOC entry 4915 (class 1259 OID 16932)
-- Name: blogs_post_category_id_10b67abe; Type: INDEX; Schema: public; Owner: postgres
--

CREATE INDEX blogs_post_category_id_10b67abe ON public.blogs_post USING btree (category_id);


--
-- TOC entry 4918 (class 1259 OID 16930)
-- Name: blogs_post_slug_3a321bbb_like; Type: INDEX; Schema: public; Owner: postgres
--

CREATE INDEX blogs_post_slug_3a321bbb_like ON public.blogs_post USING btree (slug varchar_pattern_ops);


--
-- TOC entry 4923 (class 1259 OID 16945)
-- Name: blogs_post_tags_post_id_e70b8b4b; Type: INDEX; Schema: public; Owner: postgres
--

CREATE INDEX blogs_post_tags_post_id_e70b8b4b ON public.blogs_post_tags USING btree (post_id);


--
-- TOC entry 4926 (class 1259 OID 16946)
-- Name: blogs_post_tags_tag_id_a76e54a2; Type: INDEX; Schema: public; Owner: postgres
--

CREATE INDEX blogs_post_tags_tag_id_a76e54a2 ON public.blogs_post_tags USING btree (tag_id);


--
-- TOC entry 4911 (class 1259 OID 16919)
-- Name: blogs_tag_slug_8d1308d9_like; Type: INDEX; Schema: public; Owner: postgres
--

CREATE INDEX blogs_tag_slug_8d1308d9_like ON public.blogs_tag USING btree (slug varchar_pattern_ops);


--
-- TOC entry 4886 (class 1259 OID 16817)
-- Name: django_admin_log_content_type_id_c4bce8eb; Type: INDEX; Schema: public; Owner: postgres
--

CREATE INDEX django_admin_log_content_type_id_c4bce8eb ON public.django_admin_log USING btree (content_type_id);


--
-- TOC entry 4889 (class 1259 OID 16818)
-- Name: django_admin_log_user_id_c564eba6; Type: INDEX; Schema: public; Owner: postgres
--

CREATE INDEX django_admin_log_user_id_c564eba6 ON public.django_admin_log USING btree (user_id);


--
-- TOC entry 4896 (class 1259 OID 16859)
-- Name: django_session_expire_date_a5c62663; Type: INDEX; Schema: public; Owner: postgres
--

CREATE INDEX django_session_expire_date_a5c62663 ON public.django_session USING btree (expire_date);


--
-- TOC entry 4899 (class 1259 OID 16858)
-- Name: django_session_session_key_c0390e0f_like; Type: INDEX; Schema: public; Owner: postgres
--

CREATE INDEX django_session_session_key_c0390e0f_like ON public.django_session USING btree (session_key varchar_pattern_ops);


--
-- TOC entry 4937 (class 1259 OID 21311)
-- Name: token_blacklist_outstandingtoken_jti_hex_d9bdf6f7_like; Type: INDEX; Schema: public; Owner: postgres
--

CREATE INDEX token_blacklist_outstandingtoken_jti_hex_d9bdf6f7_like ON public.token_blacklist_outstandingtoken USING btree (jti varchar_pattern_ops);


--
-- TOC entry 4942 (class 1259 OID 21308)
-- Name: token_blacklist_outstandingtoken_user_id_83bc629a; Type: INDEX; Schema: public; Owner: postgres
--

CREATE INDEX token_blacklist_outstandingtoken_user_id_83bc629a ON public.token_blacklist_outstandingtoken USING btree (user_id);


--
-- TOC entry 4952 (class 2606 OID 16871)
-- Name: accounts_profile accounts_profile_user_id_49a85d32_fk_auth_user_id; Type: FK CONSTRAINT; Schema: public; Owner: postgres
--

ALTER TABLE ONLY public.accounts_profile
    ADD CONSTRAINT accounts_profile_user_id_49a85d32_fk_auth_user_id FOREIGN KEY (user_id) REFERENCES public.auth_user(id) DEFERRABLE INITIALLY DEFERRED;


--
-- TOC entry 4944 (class 2606 OID 16762)
-- Name: auth_group_permissions auth_group_permissio_permission_id_84c5c92e_fk_auth_perm; Type: FK CONSTRAINT; Schema: public; Owner: postgres
--

ALTER TABLE ONLY public.auth_group_permissions
    ADD CONSTRAINT auth_group_permissio_permission_id_84c5c92e_fk_auth_perm FOREIGN KEY (permission_id) REFERENCES public.auth_permission(id) DEFERRABLE INITIALLY DEFERRED;


--
-- TOC entry 4945 (class 2606 OID 16757)
-- Name: auth_group_permissions auth_group_permissions_group_id_b120cbf9_fk_auth_group_id; Type: FK CONSTRAINT; Schema: public; Owner: postgres
--

ALTER TABLE ONLY public.auth_group_permissions
    ADD CONSTRAINT auth_group_permissions_group_id_b120cbf9_fk_auth_group_id FOREIGN KEY (group_id) REFERENCES public.auth_group(id) DEFERRABLE INITIALLY DEFERRED;


--
-- TOC entry 4943 (class 2606 OID 16748)
-- Name: auth_permission auth_permission_content_type_id_2f476e4b_fk_django_co; Type: FK CONSTRAINT; Schema: public; Owner: postgres
--

ALTER TABLE ONLY public.auth_permission
    ADD CONSTRAINT auth_permission_content_type_id_2f476e4b_fk_django_co FOREIGN KEY (content_type_id) REFERENCES public.django_content_type(id) DEFERRABLE INITIALLY DEFERRED;


--
-- TOC entry 4946 (class 2606 OID 16777)
-- Name: auth_user_groups auth_user_groups_group_id_97559544_fk_auth_group_id; Type: FK CONSTRAINT; Schema: public; Owner: postgres
--

ALTER TABLE ONLY public.auth_user_groups
    ADD CONSTRAINT auth_user_groups_group_id_97559544_fk_auth_group_id FOREIGN KEY (group_id) REFERENCES public.auth_group(id) DEFERRABLE INITIALLY DEFERRED;


--
-- TOC entry 4947 (class 2606 OID 16772)
-- Name: auth_user_groups auth_user_groups_user_id_6a12ed8b_fk_auth_user_id; Type: FK CONSTRAINT; Schema: public; Owner: postgres
--

ALTER TABLE ONLY public.auth_user_groups
    ADD CONSTRAINT auth_user_groups_user_id_6a12ed8b_fk_auth_user_id FOREIGN KEY (user_id) REFERENCES public.auth_user(id) DEFERRABLE INITIALLY DEFERRED;


--
-- TOC entry 4948 (class 2606 OID 16791)
-- Name: auth_user_user_permissions auth_user_user_permi_permission_id_1fbb5f2c_fk_auth_perm; Type: FK CONSTRAINT; Schema: public; Owner: postgres
--

ALTER TABLE ONLY public.auth_user_user_permissions
    ADD CONSTRAINT auth_user_user_permi_permission_id_1fbb5f2c_fk_auth_perm FOREIGN KEY (permission_id) REFERENCES public.auth_permission(id) DEFERRABLE INITIALLY DEFERRED;


--
-- TOC entry 4949 (class 2606 OID 16786)
-- Name: auth_user_user_permissions auth_user_user_permissions_user_id_a95ead1b_fk_auth_user_id; Type: FK CONSTRAINT; Schema: public; Owner: postgres
--

ALTER TABLE ONLY public.auth_user_user_permissions
    ADD CONSTRAINT auth_user_user_permissions_user_id_a95ead1b_fk_auth_user_id FOREIGN KEY (user_id) REFERENCES public.auth_user(id) DEFERRABLE INITIALLY DEFERRED;


--
-- TOC entry 4957 (class 2606 OID 16952)
-- Name: blogs_comment blogs_comment_post_id_670c072f_fk_blogs_post_id; Type: FK CONSTRAINT; Schema: public; Owner: postgres
--

ALTER TABLE ONLY public.blogs_comment
    ADD CONSTRAINT blogs_comment_post_id_670c072f_fk_blogs_post_id FOREIGN KEY (post_id) REFERENCES public.blogs_post(id) DEFERRABLE INITIALLY DEFERRED;


--
-- TOC entry 4958 (class 2606 OID 16947)
-- Name: blogs_comment blogs_comment_user_id_e0b0b977_fk_auth_user_id; Type: FK CONSTRAINT; Schema: public; Owner: postgres
--

ALTER TABLE ONLY public.blogs_comment
    ADD CONSTRAINT blogs_comment_user_id_e0b0b977_fk_auth_user_id FOREIGN KEY (user_id) REFERENCES public.auth_user(id) DEFERRABLE INITIALLY DEFERRED;


--
-- TOC entry 4953 (class 2606 OID 16920)
-- Name: blogs_post blogs_post_author_id_c7d05c07_fk_auth_user_id; Type: FK CONSTRAINT; Schema: public; Owner: postgres
--

ALTER TABLE ONLY public.blogs_post
    ADD CONSTRAINT blogs_post_author_id_c7d05c07_fk_auth_user_id FOREIGN KEY (author_id) REFERENCES public.auth_user(id) DEFERRABLE INITIALLY DEFERRED;


--
-- TOC entry 4954 (class 2606 OID 16925)
-- Name: blogs_post blogs_post_category_id_10b67abe_fk_blogs_category_id; Type: FK CONSTRAINT; Schema: public; Owner: postgres
--

ALTER TABLE ONLY public.blogs_post
    ADD CONSTRAINT blogs_post_category_id_10b67abe_fk_blogs_category_id FOREIGN KEY (category_id) REFERENCES public.blogs_category(id) DEFERRABLE INITIALLY DEFERRED;


--
-- TOC entry 4955 (class 2606 OID 16935)
-- Name: blogs_post_tags blogs_post_tags_post_id_e70b8b4b_fk_blogs_post_id; Type: FK CONSTRAINT; Schema: public; Owner: postgres
--

ALTER TABLE ONLY public.blogs_post_tags
    ADD CONSTRAINT blogs_post_tags_post_id_e70b8b4b_fk_blogs_post_id FOREIGN KEY (post_id) REFERENCES public.blogs_post(id) DEFERRABLE INITIALLY DEFERRED;


--
-- TOC entry 4956 (class 2606 OID 16940)
-- Name: blogs_post_tags blogs_post_tags_tag_id_a76e54a2_fk_blogs_tag_id; Type: FK CONSTRAINT; Schema: public; Owner: postgres
--

ALTER TABLE ONLY public.blogs_post_tags
    ADD CONSTRAINT blogs_post_tags_tag_id_a76e54a2_fk_blogs_tag_id FOREIGN KEY (tag_id) REFERENCES public.blogs_tag(id) DEFERRABLE INITIALLY DEFERRED;


--
-- TOC entry 4950 (class 2606 OID 16807)
-- Name: django_admin_log django_admin_log_content_type_id_c4bce8eb_fk_django_co; Type: FK CONSTRAINT; Schema: public; Owner: postgres
--

ALTER TABLE ONLY public.django_admin_log
    ADD CONSTRAINT django_admin_log_content_type_id_c4bce8eb_fk_django_co FOREIGN KEY (content_type_id) REFERENCES public.django_content_type(id) DEFERRABLE INITIALLY DEFERRED;


--
-- TOC entry 4951 (class 2606 OID 16812)
-- Name: django_admin_log django_admin_log_user_id_c564eba6_fk_auth_user_id; Type: FK CONSTRAINT; Schema: public; Owner: postgres
--

ALTER TABLE ONLY public.django_admin_log
    ADD CONSTRAINT django_admin_log_user_id_c564eba6_fk_auth_user_id FOREIGN KEY (user_id) REFERENCES public.auth_user(id) DEFERRABLE INITIALLY DEFERRED;


--
-- TOC entry 4959 (class 2606 OID 21346)
-- Name: token_blacklist_blacklistedtoken token_blacklist_blacklistedtoken_token_id_3cc7fe56_fk; Type: FK CONSTRAINT; Schema: public; Owner: postgres
--

ALTER TABLE ONLY public.token_blacklist_blacklistedtoken
    ADD CONSTRAINT token_blacklist_blacklistedtoken_token_id_3cc7fe56_fk FOREIGN KEY (token_id) REFERENCES public.token_blacklist_outstandingtoken(id) DEFERRABLE INITIALLY DEFERRED;


--
-- TOC entry 4960 (class 2606 OID 21312)
-- Name: token_blacklist_outstandingtoken token_blacklist_outs_user_id_83bc629a_fk_auth_user; Type: FK CONSTRAINT; Schema: public; Owner: postgres
--

ALTER TABLE ONLY public.token_blacklist_outstandingtoken
    ADD CONSTRAINT token_blacklist_outs_user_id_83bc629a_fk_auth_user FOREIGN KEY (user_id) REFERENCES public.auth_user(id) DEFERRABLE INITIALLY DEFERRED;


-- Completed on 2025-05-17 20:07:15

--
-- PostgreSQL database dump complete
--

